original_path,output_path,articleurl,status,footer_used
lohri-celebrating-agriculture-nature-rhythm.html,lohri-celebrating-agriculture-nature-rhythm.html,yes,merged,/Users/prashantdhingra/e/a3_output/lohri.org/output/content/footer.fragment
lohri-rituals.html,lohri-rituals.html,yes,merged,/Users/prashantdhingra/e/a3_output/lohri.org/output/content/footer.fragment
lohri-songs.htm,lohri-songs.html,yes,merged,/Users/prashantdhingra/e/a3_output/lohri.org/output/content/footer.fragment
lohri-traditional-sweets-recipes.html,lohri-traditional-sweets-recipes.html,yes,merged,/Users/prashantdhingra/e/a3_output/lohri.org/output/content/footer.fragment
lohri-kids-celebrations.htm,lohri-kids-celebrations.html,yes,merged,/Users/prashantdhingra/e/a3_output/lohri.org/output/content/footer.fragment
traditional-lohri-songs.html,traditional-lohri-songs.html,yes,merged,/Users/prashantdhingra/e/a3_output/lohri.org/output/content/footer.fragment
lohri-festival.htm,lohri-festival.html,yes,merged,/Users/prashantdhingra/e/a3_output/lohri.org/output/content/footer.fragment
lohri-origin.htm,lohri-origin.html,yes,merged,/Users/prashantdhingra/e/a3_output/lohri.org/output/content/footer.fragment
lohri-celebrations.htm,lohri-celebrations.html,yes,merged,/Users/prashantdhingra/e/a3_output/lohri.org/output/content/footer.fragment
kids-lohri.html,kids-lohri.html,yes,merged,/Users/prashantdhingra/e/a3_output/lohri.org/output/content/footer.fragment
lohri-special-food.html,lohri-special-food.html,yes,merged,/Users/prashantdhingra/e/a3_output/lohri.org/output/content/footer.fragment
lohri-history-bonfire-makar-sankranti.html,lohri-history-bonfire-makar-sankranti.html,yes,merged,/Users/prashantdhingra/e/a3_output/lohri.org/output/content/footer.fragment
lohri-family-celebrations.htm,lohri-family-celebrations.html,yes,merged,/Users/prashantdhingra/e/a3_output/lohri.org/output/content/footer.fragment
traditonal-lohri-foods.html,traditonal-lohri-foods.html,yes,merged,/Users/prashantdhingra/e/a3_output/lohri.org/output/content/footer.fragment
lohri-festival-index.html,light-up-lohri-bonefire-on-web.html,yes,merged,/Users/prashantdhingra/e/a3_output/lohri.org/output/content/footer.fragment
lohri-significance.htm,lohri-significance.html,yes,merged,/Users/prashantdhingra/e/a3_output/lohri.org/output/content/footer.fragment
first-lohri.html,first-lohri.html,yes,merged,/Users/prashantdhingra/e/a3_output/lohri.org/output/content/footer.fragment
lohri-festival-index-2.html,index.html,yes,merged,/Users/prashantdhingra/e/a3_output/lohri.org/output/content/footer.fragment
lohri-newly-wedded-couples.htm,lohri-newly-wedded-couples.html,yes,merged,/Users/prashantdhingra/e/a3_output/lohri.org/output/content/footer.fragment
lohri-thingstodo.htm,lohri-thingstodo.html,yes,merged,/Users/prashantdhingra/e/a3_output/lohri.org/output/content/footer.fragment
dulla-bhatti.html,dulla-bhatti.html,yes,merged,/Users/prashantdhingra/e/a3_output/lohri.org/output/content/footer.fragment
lohri-for-everyone.htm,lohri-for-everyone.html,yes,merged,/Users/prashantdhingra/e/a3_output/lohri.org/output/content/footer.fragment
lohri-songs-meaning.html,lohri-songs-meaning.html,yes,merged,/Users/prashantdhingra/e/a3_output/lohri.org/output/content/footer.fragment
lohri-music-dance.html,lohri-music-dance.html,yes,merged,/Users/prashantdhingra/e/a3_output/lohri.org/output/content/footer.fragment
lohri-rituals-and-songs.html,lohri-rituals-and-songs.html,yes,merged,/Users/prashantdhingra/e/a3_output/lohri.org/output/content/footer.fragment
lohri-menu.html,lohri-menu.html,yes,merged,/Users/prashantdhingra/e/a3_output/lohri.org/output/content/footer.fragment
lohri-mela.htm,lohri-mela.html,yes,merged,/Users/prashantdhingra/e/a3_output/lohri.org/output/content/footer.fragment
lohri-across-generations.html,lohri-across-generations.html,yes,merged,/Users/prashantdhingra/e/a3_output/lohri.org/output/content/footer.fragment
office-lohri.html,office-lohri.html,yes,merged,/Users/prashantdhingra/e/a3_output/lohri.org/output/content/footer.fragment
Makarsankranti/Story of Mahabharata.htm,Makarsankranti/story-of-mahabharata.html,yes,merged,/Users/prashantdhingra/e/a3_output/lohri.org/output/content/Makarsankranti/footer.fragment
Makarsankranti/Story of father and son.htm,Makarsankranti/story-of-father-and-son.html,yes,merged,/Users/prashantdhingra/e/a3_output/lohri.org/output/content/Makarsankranti/footer.fragment
Makarsankranti/Story of Gurugobind Singh.htm,Makarsankranti/story-of-gurugobind-singh.html,yes,merged,/Users/prashantdhingra/e/a3_output/lohri.org/output/content/Makarsankranti/footer.fragment
Makarsankranti/Story of Devatas.htm,Makarsankranti/story-of-devatas.html,yes,merged,/Users/prashantdhingra/e/a3_output/lohri.org/output/content/Makarsankranti/footer.fragment
Makarsankranti/Story related to Gangasagar.htm,Makarsankranti/story-related-to-gangasagar.html,yes,merged,/Users/prashantdhingra/e/a3_output/lohri.org/output/content/Makarsankranti/footer.fragment
pitru-paksha/what-is-pitru-paksha-shraddha.html,pitru-paksha/index.html,yes,merged,/Users/prashantdhingra/e/a3_output/lohri.org/output/content/pitru-paksha/footer.fragment
pitru-paksha/shraddh/pitru-paksha-calendar.html,pitru-paksha/shraddh/index.html,yes,merged,/Users/prashantdhingra/e/a3_output/lohri.org/output/content/pitru-paksha/shraddh/footer.fragment
pitru-paksha/shraddh/can-women-perform-shraddh.html,pitru-paksha/shraddh/can-women-perform-shraddh.html,no,merged,/Users/prashantdhingra/e/a3_output/lohri.org/output/content/pitru-paksha/shraddh/footer.fragment
pitru-paksha/shraddh/understanding-pitru-dosha.html,pitru-paksha/shraddh/understanding-pitru-dosha.html,no,merged,/Users/prashantdhingra/e/a3_output/lohri.org/output/content/pitru-paksha/shraddh/footer.fragment
pitru-paksha/shraddh/pitru-paksha-to-sharad-navratri.html,pitru-paksha/shraddh/pitru-paksha-to-sharad-navratri.html,no,merged,/Users/prashantdhingra/e/a3_output/lohri.org/output/content/pitru-paksha/shraddh/footer.fragment
pitru-paksha/shraddh/gaya-kashi-prayagraj-shraddh.html,pitru-paksha/shraddh/gaya-kashi-prayagraj-shraddh.html,no,merged,/Users/prashantdhingra/e/a3_output/lohri.org/output/content/pitru-paksha/shraddh/footer.fragment
pitru-paksha/shraddh/digital-tarpan-e-shraddh-diaspora.html,pitru-paksha/shraddh/digital-tarpan-e-shraddh-diaspora.html,no,merged,/Users/prashantdhingra/e/a3_output/lohri.org/output/content/pitru-paksha/shraddh/footer.fragment
pitru-paksha/shraddh/why-celebrations-paused-pitru-paksha.html,pitru-paksha/shraddh/why-celebrations-paused-pitru-paksha.html,no,merged,/Users/prashantdhingra/e/a3_output/lohri.org/output/content/pitru-paksha/shraddh/footer.fragment
pitru-paksha/shraddh/psychology-of-shraddh-grief-family-history.html,pitru-paksha/shraddh/psychology-of-shraddh-grief-family-history.html,no,merged,/Users/prashantdhingra/e/a3_output/lohri.org/output/content/pitru-paksha/shraddh/footer.fragment
pitru-paksha/shraddh/shraddh-at-home-beginners-guide.html,pitru-paksha/shraddh/shraddh-at-home-beginners-guide.html,no,merged,/Users/prashantdhingra/e/a3_output/lohri.org/output/content/pitru-paksha/shraddh/footer.fragment
pitru-paksha/shraddh/brahmin-bhoj-panchbali-shraddh.html,pitru-paksha/shraddh/brahmin-bhoj-panchbali-shraddh.html,no,merged,/Users/prashantdhingra/e/a3_output/lohri.org/output/content/pitru-paksha/shraddh/footer.fragment
pitru-paksha/shraddh/traditional-sattvik-shraddh-feast.html,pitru-paksha/shraddh/traditional-sattvik-shraddh-feast.html,no,merged,/Users/prashantdhingra/e/a3_output/lohri.org/output/content/pitru-paksha/shraddh/footer.fragment
pitru-paksha/shraddh/sarvapitri-amavasya-guide.html,pitru-paksha/shraddh/sarvapitri-amavasya-guide.html,no,merged,/Users/prashantdhingra/e/a3_output/lohri.org/output/content/pitru-paksha/shraddh/footer.fragment
pitru-paksha/shraddh/why-crows-sacred-shraddh.html,pitru-paksha/shraddh/why-crows-sacred-shraddh.html,no,merged,/Users/prashantdhingra/e/a3_output/lohri.org/output/content/pitru-paksha/shraddh/footer.fragment
pitru-paksha/shraddh/ancestral-healing-epigenetics-shraddh.html,pitru-paksha/shraddh/ancestral-healing-epigenetics-shraddh.html,no,merged,/Users/prashantdhingra/e/a3_output/lohri.org/output/content/pitru-paksha/shraddh/footer.fragment
pitru-paksha/shraddh/overview.html,pitru-paksha/shraddh/overview.html,no,merged,/Users/prashantdhingra/e/a3_output/lohri.org/output/content/pitru-paksha/shraddh/footer.fragment
pitru-paksha/shraddh/karna-legend-pitru-paksha.html,pitru-paksha/shraddh/karna-legend-pitru-paksha.html,no,merged,/Users/prashantdhingra/e/a3_output/lohri.org/output/content/pitru-paksha/shraddh/footer.fragment
pitru-paksha/shraddh/tarpan-step-by-step-meaning.html,pitru-paksha/shraddh/tarpan-step-by-step-meaning.html,no,merged,/Users/prashantdhingra/e/a3_output/lohri.org/output/content/pitru-paksha/shraddh/footer.fragment
pitru-paksha/shraddh/why-pitru-paksha-sixteen-days.html,pitru-paksha/shraddh/why-pitru-paksha-sixteen-days.html,no,merged,/Users/prashantdhingra/e/a3_output/lohri.org/output/content/pitru-paksha/shraddh/footer.fragment
pitru-paksha/shraddh/pinda-daan-meaning-components.html,pitru-paksha/shraddh/pinda-daan-meaning-components.html,no,merged,/Users/prashantdhingra/e/a3_output/lohri.org/output/content/pitru-paksha/shraddh/footer.fragment
pitru-paksha/shraddh/pitru-paksha-dos-and-donts.html,pitru-paksha/shraddh/pitru-paksha-dos-and-donts.html,no,merged,/Users/prashantdhingra/e/a3_output/lohri.org/output/content/pitru-paksha/shraddh/footer.fragment
pitru-paksha/shraddh/what-is-pitru-paksha-shraddha.html,pitru-paksha/shraddh/what-is-pitru-paksha-shraddha.html,no,merged,/Users/prashantdhingra/e/a3_output/lohri.org/output/content/pitru-paksha/shraddh/footer.fragment
pitru-paksha/shraddh/debunking-pitru-paksha-superstitions.html,pitru-paksha/shraddh/debunking-pitru-paksha-superstitions.html,no,merged,/Users/prashantdhingra/e/a3_output/lohri.org/output/content/pitru-paksha/shraddh/footer.fragment
pitru-paksha/shraddh/garuda-purana-soul-journey-ancestors.html,pitru-paksha/shraddh/garuda-purana-soul-journey-ancestors.html,no,merged,/Users/prashantdhingra/e/a3_output/lohri.org/output/content/pitru-paksha/shraddh/footer.fragment
pitru-paksha/shraddh/shraddha_memory_maker.html,pitru-paksha/shraddh/shraddha_memory_maker.html,no,merged,/Users/prashantdhingra/e/a3_output/lohri.org/output/content/pitru-paksha/shraddh/footer.fragment
indian-festivals/how-to-celebrate-chhath-puja-at-home.html,indian-festivals/how-to-celebrate-chhath-puja-at-home.html,no,merged,/Users/prashantdhingra/e/a3_output/lohri.org/output/content/indian-festivals/footer.fragment
indian-festivals/chhath-puja-wishes-hindi.html,indian-festivals/chhath-puja-wishes-hindi.html,no,merged,/Users/prashantdhingra/e/a3_output/lohri.org/output/content/indian-festivals/footer.fragment
indian-festivals/chhath-puja-four-days-rituals.html,indian-festivals/chhath-puja-four-days-rituals.html,no,merged,/Users/prashantdhingra/e/a3_output/lohri.org/output/content/indian-festivals/footer.fragment
indian-festivals/chhath-puja-outside-india-diaspora.html,indian-festivals/chhath-puja-outside-india-diaspora.html,no,merged,/Users/prashantdhingra/e/a3_output/lohri.org/output/content/indian-festivals/footer.fragment
indian-festivals/chhath-puja-in-uttar-pradesh.html,indian-festivals/chhath-puja-in-uttar-pradesh.html,no,merged,/Users/prashantdhingra/e/a3_output/lohri.org/output/content/indian-festivals/footer.fragment
indian-festivals/chhath-puja-diya-traditions.html,indian-festivals/chhath-puja-diya-traditions.html,no,merged,/Users/prashantdhingra/e/a3_output/lohri.org/output/content/indian-festivals/footer.fragment
indian-festivals/story-of-chhathi-maiya.html,indian-festivals/story-of-chhathi-maiya.html,no,merged,/Users/prashantdhingra/e/a3_output/lohri.org/output/content/indian-festivals/footer.fragment
indian-festivals/traditional-chhath-puja-prasad.html,indian-festivals/traditional-chhath-puja-prasad.html,no,merged,/Users/prashantdhingra/e/a3_output/lohri.org/output/content/indian-festivals/footer.fragment
indian-festivals/chhath-puja-faqs.html,indian-festivals/chhath-puja-faqs.html,no,merged,/Users/prashantdhingra/e/a3_output/lohri.org/output/content/indian-festivals/footer.fragment
indian-festivals/how-to-create-temporary-chhath-ghat.html,indian-festivals/how-to-create-temporary-chhath-ghat.html,no,merged,/Users/prashantdhingra/e/a3_output/lohri.org/output/content/indian-festivals/footer.fragment
indian-festivals/chhath-puja-in-mumbai.html,indian-festivals/chhath-puja-in-mumbai.html,no,merged,/Users/prashantdhingra/e/a3_output/lohri.org/output/content/indian-festivals/footer.fragment
indian-festivals/chhath-puja-home-preparation-guide.html,indian-festivals/chhath-puja-home-preparation-guide.html,no,merged,/Users/prashantdhingra/e/a3_output/lohri.org/output/content/indian-festivals/footer.fragment
indian-festivals/first-time-chhath-vrat.html,indian-festivals/first-time-chhath-vrat.html,no,merged,/Users/prashantdhingra/e/a3_output/lohri.org/output/content/indian-festivals/footer.fragment
indian-festivals/eco-friendly-chhath-puja.html,indian-festivals/eco-friendly-chhath-puja.html,no,merged,/Users/prashantdhingra/e/a3_output/lohri.org/output/content/indian-festivals/footer.fragment
indian-festivals/chhath-puja-paran-rules.html,indian-festivals/chhath-puja-paran-rules.html,no,merged,/Users/prashantdhingra/e/a3_output/lohri.org/output/content/indian-festivals/footer.fragment
indian-festivals/chhath-puja-in-ranchi.html,indian-festivals/chhath-puja-in-ranchi.html,no,merged,/Users/prashantdhingra/e/a3_output/lohri.org/output/content/indian-festivals/footer.fragment
indian-festivals/chhath-puja-in-gurgaon.html,indian-festivals/chhath-puja-in-gurgaon.html,no,merged,/Users/prashantdhingra/e/a3_output/lohri.org/output/content/indian-festivals/footer.fragment
indian-festivals/chhath-puja-home-decoration.html,indian-festivals/chhath-puja-home-decoration.html,no,merged,/Users/prashantdhingra/e/a3_output/lohri.org/output/content/indian-festivals/footer.fragment
indian-festivals/chhath-puja-participation-home-abroad.html,indian-festivals/chhath-puja-participation-home-abroad.html,no,merged,/Users/prashantdhingra/e/a3_output/lohri.org/output/content/indian-festivals/footer.fragment
indian-festivals/index.html,indian-festivals/index.html,no,merged,/Users/prashantdhingra/e/a3_output/lohri.org/output/content/indian-festivals/footer.fragment
indian-festivals/chhath-puja-whatsapp-status-captions.html,indian-festivals/chhath-puja-whatsapp-status-captions.html,no,merged,/Users/prashantdhingra/e/a3_output/lohri.org/output/content/indian-festivals/footer.fragment
indian-festivals/meaning-of-arghya-chhath-puja.html,indian-festivals/meaning-of-arghya-chhath-puja.html,no,merged,/Users/prashantdhingra/e/a3_output/lohri.org/output/content/indian-festivals/footer.fragment
indian-festivals/chhath-puja-vs-makar-sankranti.html,indian-festivals/chhath-puja-vs-makar-sankranti.html,no,merged,/Users/prashantdhingra/e/a3_output/lohri.org/output/content/indian-festivals/footer.fragment
indian-festivals/chhath-puja-delhi-ncr-neighborhoods.html,indian-festivals/chhath-puja-delhi-ncr-neighborhoods.html,no,merged,/Users/prashantdhingra/e/a3_output/lohri.org/output/content/indian-festivals/footer.fragment
indian-festivals/chhath-puja-during-pregnancy.html,indian-festivals/chhath-puja-during-pregnancy.html,no,merged,/Users/prashantdhingra/e/a3_output/lohri.org/output/content/indian-festivals/footer.fragment
indian-festivals/why-rising-sun-worshipped-chhath-puja.html,indian-festivals/why-rising-sun-worshipped-chhath-puja.html,no,merged,/Users/prashantdhingra/e/a3_output/lohri.org/output/content/indian-festivals/footer.fragment
indian-festivals/chhath-puja-in-kolkata.html,indian-festivals/chhath-puja-in-kolkata.html,no,merged,/Users/prashantdhingra/e/a3_output/lohri.org/output/content/indian-festivals/footer.fragment
indian-festivals/chhath-puja-in-patna.html,indian-festivals/chhath-puja-in-patna.html,no,merged,/Users/prashantdhingra/e/a3_output/lohri.org/output/content/indian-festivals/footer.fragment
indian-festivals/role-of-women-chhath-puja.html,indian-festivals/role-of-women-chhath-puja.html,no,merged,/Users/prashantdhingra/e/a3_output/lohri.org/output/content/indian-festivals/footer.fragment
indian-festivals/chhath-puja-nepal-terai-traditions.html,indian-festivals/chhath-puja-nepal-terai-traditions.html,no,merged,/Users/prashantdhingra/e/a3_output/lohri.org/output/content/indian-festivals/footer.fragment
indian-festivals/significance-daura-soop-chhath.html,indian-festivals/significance-daura-soop-chhath.html,no,merged,/Users/prashantdhingra/e/a3_output/lohri.org/output/content/indian-festivals/footer.fragment
indian-festivals/chhath-puja-regions-diaspora-environment.html,indian-festivals/chhath-puja-regions-diaspora-environment.html,no,merged,/Users/prashantdhingra/e/a3_output/lohri.org/output/content/indian-festivals/footer.fragment
indian-festivals/chhath-puja-in-lucknow.html,indian-festivals/chhath-puja-in-lucknow.html,no,merged,/Users/prashantdhingra/e/a3_output/lohri.org/output/content/indian-festivals/footer.fragment
indian-festivals/significance-arwa-chawal-chhath.html,indian-festivals/significance-arwa-chawal-chhath.html,no,merged,/Users/prashantdhingra/e/a3_output/lohri.org/output/content/indian-festivals/footer.fragment
indian-festivals/elderly-devotees-chhath-vrat.html,indian-festivals/elderly-devotees-chhath-vrat.html,no,merged,/Users/prashantdhingra/e/a3_output/lohri.org/output/content/indian-festivals/footer.fragment
indian-festivals/why-bananas-offered-chhath-puja.html,indian-festivals/why-bananas-offered-chhath-puja.html,no,merged,/Users/prashantdhingra/e/a3_output/lohri.org/output/content/indian-festivals/footer.fragment
indian-festivals/can-chhath-puja-be-observed-without-river.html,indian-festivals/can-chhath-puja-be-observed-without-river.html,no,merged,/Users/prashantdhingra/e/a3_output/lohri.org/output/content/indian-festivals/footer.fragment
indian-festivals/scientific-reasons-behind-chhath.html,indian-festivals/scientific-reasons-behind-chhath.html,no,merged,/Users/prashantdhingra/e/a3_output/lohri.org/output/content/indian-festivals/footer.fragment
indian-festivals/chhath-puja-samagri-list.html,indian-festivals/chhath-puja-samagri-list.html,no,merged,/Users/prashantdhingra/e/a3_output/lohri.org/output/content/indian-festivals/footer.fragment
indian-festivals/chhath-puja-planning-wishes.html,indian-festivals/chhath-puja-planning-wishes.html,no,merged,/Users/prashantdhingra/e/a3_output/lohri.org/output/content/indian-festivals/footer.fragment
indian-festivals/chhath-puja-in-delhi-ncr.html,indian-festivals/chhath-puja-in-delhi-ncr.html,no,merged,/Users/prashantdhingra/e/a3_output/lohri.org/output/content/indian-festivals/footer.fragment
indian-festivals/why-garlic-onion-banned-chhath.html,indian-festivals/why-garlic-onion-banned-chhath.html,no,merged,/Users/prashantdhingra/e/a3_output/lohri.org/output/content/indian-festivals/footer.fragment
indian-festivals/how-to-support-vrati-during-fast.html,indian-festivals/how-to-support-vrati-during-fast.html,no,merged,/Users/prashantdhingra/e/a3_output/lohri.org/output/content/indian-festivals/footer.fragment
indian-festivals/chhath-puja-nature-baskets-sun-festivals.html,indian-festivals/chhath-puja-nature-baskets-sun-festivals.html,no,merged,/Users/prashantdhingra/e/a3_output/lohri.org/output/content/indian-festivals/footer.fragment
indian-festivals/environmental-impact-chhath-puja.html,indian-festivals/environmental-impact-chhath-puja.html,no,merged,/Users/prashantdhingra/e/a3_output/lohri.org/output/content/indian-festivals/footer.fragment
indian-festivals/chhath-puja-basket-decoration.html,indian-festivals/chhath-puja-basket-decoration.html,no,merged,/Users/prashantdhingra/e/a3_output/lohri.org/output/content/indian-festivals/footer.fragment
indian-festivals/chhath-puja-songs-geet.html,indian-festivals/chhath-puja-songs-geet.html,no,merged,/Users/prashantdhingra/e/a3_output/lohri.org/output/content/indian-festivals/footer.fragment
indian-festivals/common-mistakes-during-chhath.html,indian-festivals/common-mistakes-during-chhath.html,no,merged,/Users/prashantdhingra/e/a3_output/lohri.org/output/content/indian-festivals/footer.fragment
indian-festivals/history-origin-significance.html,indian-festivals/history-origin-significance.html,no,merged,/Users/prashantdhingra/e/a3_output/lohri.org/output/content/indian-festivals/footer.fragment
indian-festivals/chhath-puja-in-delhi.html,indian-festivals/chhath-puja-in-delhi.html,no,merged,/Users/prashantdhingra/e/a3_output/lohri.org/output/content/indian-festivals/footer.fragment
indian-festivals/nahay-khay-rituals.html,indian-festivals/nahay-khay-rituals.html,no,merged,/Users/prashantdhingra/e/a3_output/lohri.org/output/content/indian-festivals/footer.fragment
indian-festivals/chhath-puja-for-children.html,indian-festivals/chhath-puja-for-children.html,no,merged,/Users/prashantdhingra/e/a3_output/lohri.org/output/content/indian-festivals/footer.fragment
indian-festivals/usha-arghya-morning-offering.html,indian-festivals/usha-arghya-morning-offering.html,no,merged,/Users/prashantdhingra/e/a3_output/lohri.org/output/content/indian-festivals/footer.fragment
indian-festivals/why-seasonal-fruits-important-chhath.html,indian-festivals/why-seasonal-fruits-important-chhath.html,no,merged,/Users/prashantdhingra/e/a3_output/lohri.org/output/content/indian-festivals/footer.fragment
indian-festivals/chhath-puja-in-jharkhand.html,indian-festivals/chhath-puja-in-jharkhand.html,no,merged,/Users/prashantdhingra/e/a3_output/lohri.org/output/content/indian-festivals/footer.fragment
indian-festivals/astrological-significance-chhath-puja.html,indian-festivals/astrological-significance-chhath-puja.html,no,merged,/Users/prashantdhingra/e/a3_output/lohri.org/output/content/indian-festivals/footer.fragment
indian-festivals/four-days-of-chhath-puja.html,indian-festivals/four-days-of-chhath-puja.html,no,merged,/Users/prashantdhingra/e/a3_output/lohri.org/output/content/indian-festivals/footer.fragment
indian-festivals/why-cleanliness-important-chhath.html,indian-festivals/why-cleanliness-important-chhath.html,no,merged,/Users/prashantdhingra/e/a3_output/lohri.org/output/content/indian-festivals/footer.fragment
indian-festivals/why-chhath-puja-difficult-vrat.html,indian-festivals/why-chhath-puja-difficult-vrat.html,no,merged,/Users/prashantdhingra/e/a3_output/lohri.org/output/content/indian-festivals/footer.fragment
indian-festivals/significance-sugarcane-coconut-fruits.html,indian-festivals/significance-sugarcane-coconut-fruits.html,no,merged,/Users/prashantdhingra/e/a3_output/lohri.org/output/content/indian-festivals/footer.fragment
indian-festivals/chhath-puja-home-ghat-planning.html,indian-festivals/chhath-puja-home-ghat-planning.html,no,merged,/Users/prashantdhingra/e/a3_output/lohri.org/output/content/indian-festivals/footer.fragment
indian-festivals/chhath-puja-wave4.html,indian-festivals/common-topics.html,yes,merged,/Users/prashantdhingra/e/a3_output/lohri.org/output/content/indian-festivals/footer.fragment
indian-festivals/chhath-puja-mauritius-fiji-caribbean.html,indian-festivals/chhath-puja-mauritius-fiji-caribbean.html,no,merged,/Users/prashantdhingra/e/a3_output/lohri.org/output/content/indian-festivals/footer.fragment
indian-festivals/why-sugarcane-used-chhath-puja.html,indian-festivals/why-sugarcane-used-chhath-puja.html,no,merged,/Users/prashantdhingra/e/a3_output/lohri.org/output/content/indian-festivals/footer.fragment
indian-festivals/chhath-puja-samagri-prasad-guide.html,indian-festivals/chhath-puja-samagri-prasad-guide.html,no,merged,/Users/prashantdhingra/e/a3_output/lohri.org/output/content/indian-festivals/footer.fragment
indian-festivals/why-coconut-offered-chhath-puja.html,indian-festivals/why-coconut-offered-chhath-puja.html,no,merged,/Users/prashantdhingra/e/a3_output/lohri.org/output/content/indian-festivals/footer.fragment
indian-festivals/koshi-bharana-tradition-chhath.html,indian-festivals/koshi-bharana-tradition-chhath.html,no,merged,/Users/prashantdhingra/e/a3_output/lohri.org/output/content/indian-festivals/footer.fragment
indian-festivals/chhath-puja-images-wallpapers.html,indian-festivals/chhath-puja-images-wallpapers.html,no,merged,/Users/prashantdhingra/e/a3_output/lohri.org/output/content/indian-festivals/footer.fragment
indian-festivals/chhath-puja-history-culture.html,indian-festivals/chhath-puja-history-culture.html,no,merged,/Users/prashantdhingra/e/a3_output/lohri.org/output/content/indian-festivals/footer.fragment
indian-festivals/chhath-puja-women-artisans-heritage.html,indian-festivals/chhath-puja-women-artisans-heritage.html,no,merged,/Users/prashantdhingra/e/a3_output/lohri.org/output/content/indian-festivals/footer.fragment
indian-festivals/chhath-puja-offerings-symbolism.html,indian-festivals/chhath-puja-offerings-symbolism.html,no,merged,/Users/prashantdhingra/e/a3_output/lohri.org/output/content/indian-festivals/footer.fragment
indian-festivals/chhath-puja-vs-surya-puja.html,indian-festivals/chhath-puja-vs-surya-puja.html,no,merged,/Users/prashantdhingra/e/a3_output/lohri.org/output/content/indian-festivals/footer.fragment
indian-festivals/chhath-puja-vrat-rules.html,indian-festivals/chhath-puja-vrat-rules.html,no,merged,/Users/prashantdhingra/e/a3_output/lohri.org/output/content/indian-festivals/footer.fragment
indian-festivals/how-to-make-thekua-recipe.html,indian-festivals/how-to-make-thekua-recipe.html,no,merged,/Users/prashantdhingra/e/a3_output/lohri.org/output/content/indian-festivals/footer.fragment
indian-festivals/why-chhath-puja-near-rivers.html,indian-festivals/why-chhath-puja-near-rivers.html,no,merged,/Users/prashantdhingra/e/a3_output/lohri.org/output/content/indian-festivals/footer.fragment
indian-festivals/traditional-fruits-offered-during-chhath.html,indian-festivals/traditional-fruits-offered-during-chhath.html,no,merged,/Users/prashantdhingra/e/a3_output/lohri.org/output/content/indian-festivals/footer.fragment
indian-festivals/chhath-puja-wave5.html,indian-festivals/advance-topics.html,yes,merged,/Users/prashantdhingra/e/a3_output/lohri.org/output/content/indian-festivals/footer.fragment
indian-festivals/sandhya-arghya-evening-offering.html,indian-festivals/sandhya-arghya-evening-offering.html,no,merged,/Users/prashantdhingra/e/a3_output/lohri.org/output/content/indian-festivals/footer.fragment
indian-festivals/chhath-puja-vrat-purity-meanings.html,indian-festivals/chhath-puja-vrat-purity-meanings.html,no,merged,/Users/prashantdhingra/e/a3_output/lohri.org/output/content/indian-festivals/footer.fragment
indian-festivals/chhath-puja-at-home-guide.html,indian-festivals/chhath-puja-at-home-guide.html,no,merged,/Users/prashantdhingra/e/a3_output/lohri.org/output/content/indian-festivals/footer.fragment
indian-festivals/chhath-puja-metros-usa-guide.html,indian-festivals/chhath-puja-metros-usa-guide.html,no,merged,/Users/prashantdhingra/e/a3_output/lohri.org/output/content/indian-festivals/footer.fragment
indian-festivals/chhath-puja-regional-celebrations.html,indian-festivals/chhath-puja-regional-celebrations.html,no,merged,/Users/prashantdhingra/e/a3_output/lohri.org/output/content/indian-festivals/footer.fragment
indian-festivals/why-salt-avoided-chhath-puja.html,indian-festivals/why-salt-avoided-chhath-puja.html,no,merged,/Users/prashantdhingra/e/a3_output/lohri.org/output/content/indian-festivals/footer.fragment
indian-festivals/chhath-puja-mehndi-designs.html,indian-festivals/chhath-puja-mehndi-designs.html,no,merged,/Users/prashantdhingra/e/a3_output/lohri.org/output/content/indian-festivals/footer.fragment
indian-festivals/chhath-puja-katha-story.html,indian-festivals/chhath-puja-katha-story.html,no,merged,/Users/prashantdhingra/e/a3_output/lohri.org/output/content/indian-festivals/footer.fragment
indian-festivals/how-families-prepare-for-chhath.html,indian-festivals/how-families-prepare-for-chhath.html,no,merged,/Users/prashantdhingra/e/a3_output/lohri.org/output/content/indian-festivals/footer.fragment
indian-festivals/rasiya-kheer-recipe-chhath.html,indian-festivals/rasiya-kheer-recipe-chhath.html,no,merged,/Users/prashantdhingra/e/a3_output/lohri.org/output/content/indian-festivals/footer.fragment
indian-festivals/why-stand-in-water-chhath-puja.html,indian-festivals/why-stand-in-water-chhath-puja.html,no,merged,/Users/prashantdhingra/e/a3_output/lohri.org/output/content/indian-festivals/footer.fragment
indian-festivals/kaddu-bhaat-recipe-nahay-khay.html,indian-festivals/kaddu-bhaat-recipe-nahay-khay.html,no,merged,/Users/prashantdhingra/e/a3_output/lohri.org/output/content/indian-festivals/footer.fragment
indian-festivals/chhath-puja-ghat-decoration.html,indian-festivals/chhath-puja-ghat-decoration.html,no,merged,/Users/prashantdhingra/e/a3_output/lohri.org/output/content/indian-festivals/footer.fragment
indian-festivals/surya-arghya-mantras-chhath.html,indian-festivals/surya-arghya-mantras-chhath.html,no,merged,/Users/prashantdhingra/e/a3_output/lohri.org/output/content/indian-festivals/footer.fragment
indian-festivals/health-benefits-chhath-puja-fasting.html,indian-festivals/health-benefits-chhath-puja-fasting.html,no,merged,/Users/prashantdhingra/e/a3_output/lohri.org/output/content/indian-festivals/footer.fragment
indian-festivals/chhath-puja-vrat-support-health-evidence.html,indian-festivals/chhath-puja-vrat-support-health-evidence.html,no,merged,/Users/prashantdhingra/e/a3_output/lohri.org/output/content/indian-festivals/footer.fragment
indian-festivals/chhath-puja-rangoli-designs.html,indian-festivals/chhath-puja-rangoli-designs.html,no,merged,/Users/prashantdhingra/e/a3_output/lohri.org/output/content/indian-festivals/footer.fragment
indian-festivals/chhath-puja-wave2.html,indian-festivals/guide.html,yes,merged,/Users/prashantdhingra/e/a3_output/lohri.org/output/content/indian-festivals/footer.fragment
indian-festivals/role-artisans-daura-soop-chhath.html,indian-festivals/role-artisans-daura-soop-chhath.html,no,merged,/Users/prashantdhingra/e/a3_output/lohri.org/output/content/indian-festivals/footer.fragment
indian-festivals/regional-differences-chhath-bihar-up.html,indian-festivals/regional-differences-chhath-bihar-up.html,no,merged,/Users/prashantdhingra/e/a3_output/lohri.org/output/content/indian-festivals/footer.fragment
indian-festivals/chhath-puja-2026-dates-calendar.html,indian-festivals/chhath-puja-2026-dates-calendar.html,no,merged,/Users/prashantdhingra/e/a3_output/lohri.org/output/content/indian-festivals/footer.fragment
indian-festivals/importance-turmeric-ginger-chhath-soop.html,indian-festivals/importance-turmeric-ginger-chhath-soop.html,no,merged,/Users/prashantdhingra/e/a3_output/lohri.org/output/content/indian-festivals/footer.fragment
indian-festivals/what-to-wear-chhath-puja.html,indian-festivals/what-to-wear-chhath-puja.html,no,merged,/Users/prashantdhingra/e/a3_output/lohri.org/output/content/indian-festivals/footer.fragment
indian-festivals/chhath-puja-wishes-messages.html,indian-festivals/chhath-puja-wishes-messages.html,no,merged,/Users/prashantdhingra/e/a3_output/lohri.org/output/content/indian-festivals/footer.fragment
indian-festivals/chhath-puja-in-noida-greater-noida.html,indian-festivals/chhath-puja-in-noida-greater-noida.html,no,merged,/Users/prashantdhingra/e/a3_output/lohri.org/output/content/indian-festivals/footer.fragment
indian-festivals/chhath-puja-in-bihar.html,indian-festivals/chhath-puja-in-bihar.html,no,merged,/Users/prashantdhingra/e/a3_output/lohri.org/output/content/indian-festivals/footer.fragment
indian-festivals/chhath-puja-in-varanasi.html,indian-festivals/chhath-puja-in-varanasi.html,no,merged,/Users/prashantdhingra/e/a3_output/lohri.org/output/content/indian-festivals/footer.fragment
indian-festivals/chhath-puja-rice-kaddu-bhaat-ingredients.html,indian-festivals/chhath-puja-rice-kaddu-bhaat-ingredients.html,no,merged,/Users/prashantdhingra/e/a3_output/lohri.org/output/content/indian-festivals/footer.fragment
indian-festivals/history-evolution-chhath-puja.html,indian-festivals/history-evolution-chhath-puja.html,no,merged,/Users/prashantdhingra/e/a3_output/lohri.org/output/content/indian-festivals/footer.fragment
indian-festivals/chhath-puja-rules-outside-bihar.html,indian-festivals/chhath-puja-rules-outside-bihar.html,no,merged,/Users/prashantdhingra/e/a3_output/lohri.org/output/content/indian-festivals/footer.fragment
indian-festivals/chhath-puja-offerings-decoration-guide.html,indian-festivals/chhath-puja-offerings-decoration-guide.html,no,merged,/Users/prashantdhingra/e/a3_output/lohri.org/output/content/indian-festivals/footer.fragment
indian-festivals/chhath-puja-family-style-guide.html,indian-festivals/chhath-puja-family-style-guide.html,no,merged,/Users/prashantdhingra/e/a3_output/lohri.org/output/content/indian-festivals/footer.fragment
indian-festivals/chhath-puja-for-beginners.html,indian-festivals/chhath-puja-for-beginners.html,no,merged,/Users/prashantdhingra/e/a3_output/lohri.org/output/content/indian-festivals/footer.fragment
indian-festivals/why-setting-sun-worshipped-chhath-puja.html,indian-festivals/why-setting-sun-worshipped-chhath-puja.html,no,merged,/Users/prashantdhingra/e/a3_output/lohri.org/output/content/indian-festivals/footer.fragment
indian-festivals/chhath-puja-greetings-gallery.html,indian-festivals/chhath-puja-greetings-gallery.html,no,merged,/Users/prashantdhingra/e/a3_output/lohri.org/output/content/indian-festivals/footer.fragment
indian-festivals/kharna-puja-vidhi.html,indian-festivals/kharna-puja-vidhi.html,no,merged,/Users/prashantdhingra/e/a3_output/lohri.org/output/content/indian-festivals/footer.fragment
indian-festivals/why-sindoor-nose-to-hairline.html,indian-festivals/why-sindoor-nose-to-hairline.html,no,merged,/Users/prashantdhingra/e/a3_output/lohri.org/output/content/indian-festivals/footer.fragment
indian-festivals/chhath-puja-wishes-maithili.html,indian-festivals/chhath-puja-wishes-maithili.html,no,merged,/Users/prashantdhingra/e/a3_output/lohri.org/output/content/indian-festivals/footer.fragment
indian-festivals/chhath-puja-prasad-recipes.html,indian-festivals/chhath-puja-prasad-recipes.html,no,merged,/Users/prashantdhingra/e/a3_output/lohri.org/output/content/indian-festivals/footer.fragment
indian-festivals/chhath-puja-in-usa.html,indian-festivals/chhath-puja-in-usa.html,no,merged,/Users/prashantdhingra/e/a3_output/lohri.org/output/content/indian-festivals/footer.fragment
indian-festivals/chhath-puja-thekua-recipe.html,indian-festivals/chhath-puja-thekua-recipe.html,no,merged,/Users/prashantdhingra/e/a3_output/lohri.org/output/content/indian-festivals/footer.fragment
indian-festivals/chhath-puja-wishes-bhojpuri.html,indian-festivals/chhath-puja-wishes-bhojpuri.html,no,merged,/Users/prashantdhingra/e/a3_output/lohri.org/output/content/indian-festivals/footer.fragment
indian-festivals/why-thekua-offered-chhath-puja.html,indian-festivals/why-thekua-offered-chhath-puja.html,no,merged,/Users/prashantdhingra/e/a3_output/lohri.org/output/content/indian-festivals/footer.fragment
indian-festivals/chhath-puja-wave3.html,indian-festivals/key-things-to-know.html,yes,merged,/Users/prashantdhingra/e/a3_output/lohri.org/output/content/indian-festivals/footer.fragment
indian-festivals/chhath-puja-prasad-folk-traditions.html,indian-festivals/chhath-puja-prasad-folk-traditions.html,no,merged,/Users/prashantdhingra/e/a3_output/lohri.org/output/content/indian-festivals/footer.fragment
indian-festivals/chhath-puja-folk-songs-themes.html,indian-festivals/chhath-puja-folk-songs-themes.html,no,merged,/Users/prashantdhingra/e/a3_output/lohri.org/output/content/indian-festivals/footer.fragment
indian-festivals/kasar-recipe-chhath-puja.html,indian-festivals/kasar-recipe-chhath-puja.html,no,merged,/Users/prashantdhingra/e/a3_output/lohri.org/output/content/indian-festivals/footer.fragment
indian-festivals/chhath-puja-saree-ideas.html,indian-festivals/chhath-puja-saree-ideas.html,no,merged,/Users/prashantdhingra/e/a3_output/lohri.org/output/content/indian-festivals/footer.fragment
indian-festivals/dussehra/mahabharata-shami-tree-vijayadashami.html,indian-festivals/dussehra/mahabharata-shami-tree-vijayadashami.html,no,merged,/Users/prashantdhingra/e/a3_output/lohri.org/output/content/indian-festivals/dussehra/footer.fragment
indian-festivals/dussehra/vijayadashami-bengal-sindoor-khela.html,indian-festivals/dussehra/vijayadashami-bengal-sindoor-khela.html,no,merged,/Users/prashantdhingra/e/a3_output/lohri.org/output/content/indian-festivals/dussehra/footer.fragment
indian-festivals/dussehra/vidyarambham-vijayadashami-education.html,indian-festivals/dussehra/vidyarambham-vijayadashami-education.html,no,merged,/Users/prashantdhingra/e/a3_output/lohri.org/output/content/indian-festivals/dussehra/footer.fragment
indian-festivals/dussehra/apta-leaves-gold-dussehra.html,indian-festivals/dussehra/apta-leaves-gold-dussehra.html,no,merged,/Users/prashantdhingra/e/a3_output/lohri.org/output/content/indian-festivals/dussehra/footer.fragment
indian-festivals/dussehra/festive-marketing-strategies-dussehra.html,indian-festivals/dussehra/festive-marketing-strategies-dussehra.html,no,merged,/Users/prashantdhingra/e/a3_output/lohri.org/output/content/indian-festivals/dussehra/footer.fragment
indian-festivals/dussehra/leadership-lessons-ramayana.html,indian-festivals/dussehra/leadership-lessons-ramayana.html,no,merged,/Users/prashantdhingra/e/a3_output/lohri.org/output/content/indian-festivals/dussehra/footer.fragment
indian-festivals/dussehra/ravana-ten-heads-symbolism.html,indian-festivals/dussehra/ravana-ten-heads-symbolism.html,no,merged,/Users/prashantdhingra/e/a3_output/lohri.org/output/content/indian-festivals/dussehra/footer.fragment
indian-festivals/dussehra/dussehra-for-kids-stories-crafts.html,indian-festivals/dussehra/dussehra-for-kids-stories-crafts.html,no,merged,/Users/prashantdhingra/e/a3_output/lohri.org/output/content/indian-festivals/dussehra/footer.fragment
indian-festivals/dussehra/eco-friendly-dussehra-celebrations.html,indian-festivals/dussehra/eco-friendly-dussehra-celebrations.html,no,merged,/Users/prashantdhingra/e/a3_output/lohri.org/output/content/indian-festivals/dussehra/footer.fragment
indian-festivals/dussehra/overview.html,indian-festivals/dussehra/overview.html,no,merged,/Users/prashantdhingra/e/a3_output/lohri.org/output/content/indian-festivals/dussehra/footer.fragment
indian-festivals/dussehra/ramlila-varanasi-tradition.html,indian-festivals/dussehra/ramlila-varanasi-tradition.html,no,merged,/Users/prashantdhingra/e/a3_output/lohri.org/output/content/indian-festivals/dussehra/footer.fragment
indian-festivals/dussehra/bastar-dussehra-danteshwari.html,indian-festivals/dussehra/bastar-dussehra-danteshwari.html,no,merged,/Users/prashantdhingra/e/a3_output/lohri.org/output/content/indian-festivals/dussehra/footer.fragment
indian-festivals/dussehra/economics-auspicious-buying-dussehra.html,indian-festivals/dussehra/economics-auspicious-buying-dussehra.html,no,merged,/Users/prashantdhingra/e/a3_output/lohri.org/output/content/indian-festivals/dussehra/footer.fragment
indian-festivals/dussehra/mysuru-dasara-royal-heritage.html,indian-festivals/dussehra/mysuru-dasara-royal-heritage.html,no,merged,/Users/prashantdhingra/e/a3_output/lohri.org/output/content/indian-festivals/dussehra/footer.fragment
indian-festivals/dussehra/dussehra-home-decor-rangoli-toran.html,indian-festivals/dussehra/dussehra-home-decor-rangoli-toran.html,no,merged,/Users/prashantdhingra/e/a3_output/lohri.org/output/content/indian-festivals/dussehra/footer.fragment
indian-festivals/dussehra/shastra-puja-history-significance.html,indian-festivals/dussehra/shastra-puja-history-significance.html,no,merged,/Users/prashantdhingra/e/a3_output/lohri.org/output/content/indian-festivals/dussehra/footer.fragment
indian-festivals/dussehra/kullu-dussehra-travel-guide.html,indian-festivals/dussehra/kullu-dussehra-travel-guide.html,no,merged,/Users/prashantdhingra/e/a3_output/lohri.org/output/content/indian-festivals/dussehra/footer.fragment
indian-festivals/dussehra/dual-mythology-rama-durga-dussehra.html,indian-festivals/dussehra/dual-mythology-rama-durga-dussehra.html,no,merged,/Users/prashantdhingra/e/a3_output/lohri.org/output/content/indian-festivals/dussehra/footer.fragment
indian-festivals/dussehra/universal-good-vs-evil-dussehra.html,indian-festivals/dussehra/universal-good-vs-evil-dussehra.html,no,merged,/Users/prashantdhingra/e/a3_output/lohri.org/output/content/indian-festivals/dussehra/footer.fragment
indian-festivals/dussehra/traditional-dussehra-festive-feasts.html,indian-festivals/dussehra/traditional-dussehra-festive-feasts.html,no,merged,/Users/prashantdhingra/e/a3_output/lohri.org/output/content/indian-festivals/dussehra/footer.fragment
indian-festivals/dussehra/conquering-internal-ravanas.html,indian-festivals/dussehra/conquering-internal-ravanas.html,no,merged,/Users/prashantdhingra/e/a3_output/lohri.org/output/content/indian-festivals/dussehra/footer.fragment
indian-festivals/durga-puja/kumartuli-kolkata-idol-makers.html,indian-festivals/durga-puja/kumartuli-kolkata-idol-makers.html,no,merged,/Users/prashantdhingra/e/a3_output/lohri.org/output/content/indian-festivals/durga-puja/footer.fragment
indian-festivals/durga-puja/sandhi-puja-ashtami-navami.html,indian-festivals/durga-puja/sandhi-puja-ashtami-navami.html,no,merged,/Users/prashantdhingra/e/a3_output/lohri.org/output/content/indian-festivals/durga-puja/footer.fragment
indian-festivals/durga-puja/eco-friendly-sustainable-durga-puja.html,indian-festivals/durga-puja/eco-friendly-sustainable-durga-puja.html,no,merged,/Users/prashantdhingra/e/a3_output/lohri.org/output/content/indian-festivals/durga-puja/footer.fragment
indian-festivals/durga-puja/mahalaya-chandi-path-birendra-krishna-bhadra.html,indian-festivals/durga-puja/mahalaya-chandi-path-birendra-krishna-bhadra.html,no,merged,/Users/prashantdhingra/e/a3_output/lohri.org/output/content/indian-festivals/durga-puja/footer.fragment
indian-festivals/durga-puja/navapatrika-kola-bou-symbolism.html,indian-festivals/durga-puja/navapatrika-kola-bou-symbolism.html,no,merged,/Users/prashantdhingra/e/a3_output/lohri.org/output/content/indian-festivals/durga-puja/footer.fragment
indian-festivals/durga-puja/durga-puja-festival-economy.html,indian-festivals/durga-puja/durga-puja-festival-economy.html,no,merged,/Users/prashantdhingra/e/a3_output/lohri.org/output/content/indian-festivals/durga-puja/footer.fragment
indian-festivals/durga-puja/sindoor-khela-vijayadashami.html,indian-festivals/durga-puja/sindoor-khela-vijayadashami.html,no,merged,/Users/prashantdhingra/e/a3_output/lohri.org/output/content/indian-festivals/durga-puja/footer.fragment
indian-festivals/durga-puja/overview.html,indian-festivals/durga-puja/overview.html,no,merged,/Users/prashantdhingra/e/a3_output/lohri.org/output/content/indian-festivals/durga-puja/footer.fragment
indian-festivals/durga-puja/chandannagar-light-artists-durga-puja.html,indian-festivals/durga-puja/chandannagar-light-artists-durga-puja.html,no,merged,/Users/prashantdhingra/e/a3_output/lohri.org/output/content/indian-festivals/durga-puja/footer.fragment
indian-festivals/durga-puja/dhak-dhunuchi-sensory-durga-puja.html,indian-festivals/durga-puja/dhak-dhunuchi-sensory-durga-puja.html,no,merged,/Users/prashantdhingra/e/a3_output/lohri.org/output/content/indian-festivals/durga-puja/footer.fragment
indian-festivals/durga-puja/inclusive-modern-durga-puja-pandals.html,indian-festivals/durga-puja/inclusive-modern-durga-puja-pandals.html,no,merged,/Users/prashantdhingra/e/a3_output/lohri.org/output/content/indian-festivals/durga-puja/footer.fragment
indian-festivals/durga-puja/durga-puja-fashion-lal-par-fusion.html,indian-festivals/durga-puja/durga-puja-fashion-lal-par-fusion.html,no,merged,/Users/prashantdhingra/e/a3_output/lohri.org/output/content/indian-festivals/durga-puja/footer.fragment
indian-festivals/durga-puja/durga-puja-food-guide-bhog-street-food.html,indian-festivals/durga-puja/durga-puja-food-guide-bhog-street-food.html,no,merged,/Users/prashantdhingra/e/a3_output/lohri.org/output/content/indian-festivals/durga-puja/footer.fragment
indian-festivals/durga-puja/global-sharadotsav-bengali-diaspora.html,indian-festivals/durga-puja/global-sharadotsav-bengali-diaspora.html,no,merged,/Users/prashantdhingra/e/a3_output/lohri.org/output/content/indian-festivals/durga-puja/footer.fragment
indian-festivals/durga-puja/bonedi-bari-durga-puja-heritage.html,indian-festivals/durga-puja/bonedi-bari-durga-puja-heritage.html,no,merged,/Users/prashantdhingra/e/a3_output/lohri.org/output/content/indian-festivals/durga-puja/footer.fragment
indian-festivals/durga-puja/ten-weapons-goddess-durga-symbolism.html,indian-festivals/durga-puja/ten-weapons-goddess-durga-symbolism.html,no,merged,/Users/prashantdhingra/e/a3_output/lohri.org/output/content/indian-festivals/durga-puja/footer.fragment
indian-festivals/durga-puja/evolution-theme-pandals-durga-puja.html,indian-festivals/durga-puja/evolution-theme-pandals-durga-puja.html,no,merged,/Users/prashantdhingra/e/a3_output/lohri.org/output/content/indian-festivals/durga-puja/footer.fragment
indian-festivals/durga-puja/bodhon-chokhu-dan-durga-puja.html,indian-festivals/durga-puja/bodhon-chokhu-dan-durga-puja.html,no,merged,/Users/prashantdhingra/e/a3_output/lohri.org/output/content/indian-festivals/durga-puja/footer.fragment
indian-festivals/durga-puja/durga-puja-pandal-hopping-survival-guide.html,indian-festivals/durga-puja/durga-puja-pandal-hopping-survival-guide.html,no,merged,/Users/prashantdhingra/e/a3_output/lohri.org/output/content/indian-festivals/durga-puja/footer.fragment
indian-festivals/durga-puja/unesco-durga-puja-cultural-heritage.html,indian-festivals/durga-puja/unesco-durga-puja-cultural-heritage.html,no,merged,/Users/prashantdhingra/e/a3_output/lohri.org/output/content/indian-festivals/durga-puja/footer.fragment
indian-festivals/durga-puja/agamani-songs-durga-puja-nostalgia.html,indian-festivals/durga-puja/agamani-songs-durga-puja-nostalgia.html,no,merged,/Users/prashantdhingra/e/a3_output/lohri.org/output/content/indian-festivals/durga-puja/footer.fragment
indian-festivals/gudi-padwa/spiritual-science-symbolism-of-gudi.html,indian-festivals/gudi-padwa/spiritual-science-symbolism-of-gudi.html,no,merged,/Users/prashantdhingra/e/a3_output/lohri.org/output/content/indian-festivals/gudi-padwa/footer.fragment
indian-festivals/gudi-padwa/index.html,indian-festivals/gudi-padwa/index.html,no,merged,/Users/prashantdhingra/e/a3_output/lohri.org/output/content/indian-festivals/gudi-padwa/footer.fragment
indian-festivals/gudi-padwa/astronomical-significance-lunisolar-calendar.html,indian-festivals/gudi-padwa/astronomical-significance-lunisolar-calendar.html,no,merged,/Users/prashantdhingra/e/a3_output/lohri.org/output/content/indian-festivals/gudi-padwa/footer.fragment
indian-festivals/gudi-padwa/lesser-known-maharashtrian-delicacies.html,indian-festivals/gudi-padwa/lesser-known-maharashtrian-delicacies.html,no,merged,/Users/prashantdhingra/e/a3_output/lohri.org/output/content/indian-festivals/gudi-padwa/footer.fragment
indian-festivals/gudi-padwa/chaitra-navratri-and-gudi-padwa.html,indian-festivals/gudi-padwa/chaitra-navratri-and-gudi-padwa.html,no,merged,/Users/prashantdhingra/e/a3_output/lohri.org/output/content/indian-festivals/gudi-padwa/footer.fragment
indian-festivals/gudi-padwa/neem-jaggery-tradition-gudi-padwa.html,indian-festivals/gudi-padwa/neem-jaggery-tradition-gudi-padwa.html,no,merged,/Users/prashantdhingra/e/a3_output/lohri.org/output/content/indian-festivals/gudi-padwa/footer.fragment
indian-festivals/gudi-padwa/gudi-padwa-ugadi-cheti-chand.html,indian-festivals/gudi-padwa/gudi-padwa-ugadi-cheti-chand.html,no,merged,/Users/prashantdhingra/e/a3_output/lohri.org/output/content/indian-festivals/gudi-padwa/footer.fragment
indian-festivals/gudi-padwa/puran-poli-recipe-tips.html,indian-festivals/gudi-padwa/puran-poli-recipe-tips.html,no,merged,/Users/prashantdhingra/e/a3_output/lohri.org/output/content/indian-festivals/gudi-padwa/footer.fragment
indian-festivals/gudi-padwa/gudi-padwa-maharashtrian-diaspora.html,indian-festivals/gudi-padwa/gudi-padwa-maharashtrian-diaspora.html,no,merged,/Users/prashantdhingra/e/a3_output/lohri.org/output/content/indian-festivals/gudi-padwa/footer.fragment
indian-festivals/gudi-padwa/eco-friendly-gudi-padwa.html,indian-festivals/gudi-padwa/eco-friendly-gudi-padwa.html,no,merged,/Users/prashantdhingra/e/a3_output/lohri.org/output/content/indian-festivals/gudi-padwa/footer.fragment
indian-festivals/gudi-padwa/gudi-padwa-rangoli-designs.html,indian-festivals/gudi-padwa/gudi-padwa-rangoli-designs.html,no,merged,/Users/prashantdhingra/e/a3_output/lohri.org/output/content/indian-festivals/gudi-padwa/footer.fragment
indian-festivals/gudi-padwa/mens-gudi-padwa-fashion-pheta-kurta.html,indian-festivals/gudi-padwa/mens-gudi-padwa-fashion-pheta-kurta.html,no,merged,/Users/prashantdhingra/e/a3_output/lohri.org/output/content/indian-festivals/gudi-padwa/footer.fragment
indian-festivals/gudi-padwa/gudi-padwa-for-children-next-generation.html,indian-festivals/gudi-padwa/gudi-padwa-for-children-next-generation.html,no,merged,/Users/prashantdhingra/e/a3_output/lohri.org/output/content/indian-festivals/gudi-padwa/footer.fragment
indian-festivals/gudi-padwa/nauvari-saree-beginners-guide.html,indian-festivals/gudi-padwa/nauvari-saree-beginners-guide.html,no,merged,/Users/prashantdhingra/e/a3_output/lohri.org/output/content/indian-festivals/gudi-padwa/footer.fragment
indian-festivals/gudi-padwa/traditional-gudi-padwa-feast.html,indian-festivals/gudi-padwa/traditional-gudi-padwa-feast.html,no,merged,/Users/prashantdhingra/e/a3_output/lohri.org/output/content/indian-festivals/gudi-padwa/footer.fragment
indian-festivals/gudi-padwa/mythology-behind-gudi-padwa.html,indian-festivals/gudi-padwa/mythology-behind-gudi-padwa.html,no,merged,/Users/prashantdhingra/e/a3_output/lohri.org/output/content/indian-festivals/gudi-padwa/footer.fragment
indian-festivals/gudi-padwa/panchang-shravan-gudi-padwa.html,indian-festivals/gudi-padwa/panchang-shravan-gudi-padwa.html,no,merged,/Users/prashantdhingra/e/a3_output/lohri.org/output/content/indian-festivals/gudi-padwa/footer.fragment
indian-festivals/gudi-padwa/mango-leaf-marigold-toran.html,indian-festivals/gudi-padwa/mango-leaf-marigold-toran.html,no,merged,/Users/prashantdhingra/e/a3_output/lohri.org/output/content/indian-festivals/gudi-padwa/footer.fragment
indian-festivals/gudi-padwa/gudi-padwa-homemade-gifts.html,indian-festivals/gudi-padwa/gudi-padwa-homemade-gifts.html,no,merged,/Users/prashantdhingra/e/a3_output/lohri.org/output/content/indian-festivals/gudi-padwa/footer.fragment
indian-festivals/gudi-padwa/how-to-hoist-gudi-at-home.html,indian-festivals/gudi-padwa/how-to-hoist-gudi-at-home.html,no,merged,/Users/prashantdhingra/e/a3_output/lohri.org/output/content/indian-festivals/gudi-padwa/footer.fragment
indian-festivals/gudi-padwa/maratha-legacy-shivaji-gudi-padwa.html,indian-festivals/gudi-padwa/maratha-legacy-shivaji-gudi-padwa.html,no,merged,/Users/prashantdhingra/e/a3_output/lohri.org/output/content/indian-festivals/gudi-padwa/footer.fragment
wishes/lohri-wishes-in-marwari.html,wishes/lohri-wishes-in-marwari.html,yes,merged,/Users/prashantdhingra/e/a3_output/lohri.org/output/content/wishes/footer.fragment
wishes/lohri-wishes-index.html,wishes/index.html,yes,merged,/Users/prashantdhingra/e/a3_output/lohri.org/output/content/wishes/footer.fragment
wishes/lohri-hindi-wishes.html,wishes/lohri-hindi-wishes.html,yes,merged,/Users/prashantdhingra/e/a3_output/lohri.org/output/content/wishes/footer.fragment
wishes/lohri-fusion-wishes-hindi-marwari.html,wishes/lohri-fusion-wishes-hindi-marwari.html,yes,merged,/Users/prashantdhingra/e/a3_output/lohri.org/output/content/wishes/footer.fragment
wishes/lohri-punjabi-wishes.html,wishes/lohri-punjabi-wishes.html,yes,merged,/Users/prashantdhingra/e/a3_output/lohri.org/output/content/wishes/footer.fragment
wishes/lohri-rajasthani-wishes.html,wishes/lohri-rajasthani-wishes.html,yes,merged,/Users/prashantdhingra/e/a3_output/lohri.org/output/content/wishes/footer.fragment
wishes/lohri-wishes-26.html,wishes/lohri-wishes-26.html,yes,merged,/Users/prashantdhingra/e/a3_output/lohri.org/output/content/wishes/footer.fragment
wishes/lohri-sindhi-wishes.html,wishes/lohri-sindhi-wishes.html,yes,merged,/Users/prashantdhingra/e/a3_output/lohri.org/output/content/wishes/footer.fragment
wishes/First Lohri.htm,wishes/first-lohri.html,yes,merged,/Users/prashantdhingra/e/a3_output/lohri.org/output/content/wishes/footer.fragment
international-festivals/easter/holy-week-palm-sunday-good-friday-easter.html,international-festivals/easter/holy-week-palm-sunday-good-friday-easter.html,no,merged,/Users/prashantdhingra/e/a3_output/lohri.org/output/content/international-festivals/easter/footer.fragment
international-festivals/easter/easter-traditions-around-world.html,international-festivals/easter/easter-traditions-around-world.html,no,merged,/Users/prashantdhingra/e/a3_output/lohri.org/output/content/international-festivals/easter/footer.fragment
international-festivals/easter/natural-easter-egg-dyes.html,international-festivals/easter/natural-easter-egg-dyes.html,no,merged,/Users/prashantdhingra/e/a3_output/lohri.org/output/content/international-festivals/easter/footer.fragment
international-festivals/easter/zero-waste-easter-baskets.html,international-festivals/easter/zero-waste-easter-baskets.html,no,merged,/Users/prashantdhingra/e/a3_output/lohri.org/output/content/international-festivals/easter/footer.fragment
international-festivals/easter/global-easter-breads-colomba-babka-tsoureki.html,international-festivals/easter/global-easter-breads-colomba-babka-tsoureki.html,no,merged,/Users/prashantdhingra/e/a3_output/lohri.org/output/content/international-festivals/easter/footer.fragment
international-festivals/easter/backyard-easter-egg-hunt-guide.html,international-festivals/easter/backyard-easter-egg-hunt-guide.html,no,merged,/Users/prashantdhingra/e/a3_output/lohri.org/output/content/international-festivals/easter/footer.fragment
international-festivals/easter/overview.html,international-festivals/easter/overview.html,no,merged,/Users/prashantdhingra/e/a3_output/lohri.org/output/content/international-festivals/easter/footer.fragment
international-festivals/easter/stress-free-easter-hosting.html,international-festivals/easter/stress-free-easter-hosting.html,no,merged,/Users/prashantdhingra/e/a3_output/lohri.org/output/content/international-festivals/easter/footer.fragment
international-festivals/easter/hot-cross-buns-history-recipe-guide.html,international-festivals/easter/hot-cross-buns-history-recipe-guide.html,no,merged,/Users/prashantdhingra/e/a3_output/lohri.org/output/content/international-festivals/easter/footer.fragment
international-festivals/easter/budget-easter-spring-tablescape.html,international-festivals/easter/budget-easter-spring-tablescape.html,no,merged,/Users/prashantdhingra/e/a3_output/lohri.org/output/content/international-festivals/easter/footer.fragment
international-festivals/easter/faberge-easter-eggs-history.html,international-festivals/easter/faberge-easter-eggs-history.html,no,merged,/Users/prashantdhingra/e/a3_output/lohri.org/output/content/international-festivals/easter/footer.fragment
international-festivals/easter/white-house-easter-egg-roll-history.html,international-festivals/easter/white-house-easter-egg-roll-history.html,no,merged,/Users/prashantdhingra/e/a3_output/lohri.org/output/content/international-festivals/easter/footer.fragment
international-festivals/easter/easter-pagan-roots-christian-tradition.html,international-festivals/easter/easter-pagan-roots-christian-tradition.html,no,merged,/Users/prashantdhingra/e/a3_output/lohri.org/output/content/international-festivals/easter/footer.fragment
international-festivals/easter/pysanky-easter-eggs-beginners-guide.html,international-festivals/easter/pysanky-easter-eggs-beginners-guide.html,no,merged,/Users/prashantdhingra/e/a3_output/lohri.org/output/content/international-festivals/easter/footer.fragment
international-festivals/easter/non-candy-easter-basket-ideas.html,international-festivals/easter/non-candy-easter-basket-ideas.html,no,merged,/Users/prashantdhingra/e/a3_output/lohri.org/output/content/international-festivals/easter/footer.fragment
international-festivals/easter/paschal-lamb-easter-symbolism.html,international-festivals/easter/paschal-lamb-easter-symbolism.html,no,merged,/Users/prashantdhingra/e/a3_output/lohri.org/output/content/international-festivals/easter/footer.fragment
international-festivals/easter/leftover-hard-boiled-easter-eggs.html,international-festivals/easter/leftover-hard-boiled-easter-eggs.html,no,merged,/Users/prashantdhingra/e/a3_output/lohri.org/output/content/international-festivals/easter/footer.fragment
international-festivals/easter/spring-renewal-mindful-easter.html,international-festivals/easter/spring-renewal-mindful-easter.html,no,merged,/Users/prashantdhingra/e/a3_output/lohri.org/output/content/international-festivals/easter/footer.fragment
international-festivals/easter/plant-based-easter-brunch.html,international-festivals/easter/plant-based-easter-brunch.html,no,merged,/Users/prashantdhingra/e/a3_output/lohri.org/output/content/international-festivals/easter/footer.fragment
international-festivals/easter/easter-bunny-painted-eggs-history.html,international-festivals/easter/easter-bunny-painted-eggs-history.html,no,merged,/Users/prashantdhingra/e/a3_output/lohri.org/output/content/international-festivals/easter/footer.fragment
international-festivals/easter/easter-ham-vs-lamb.html,international-festivals/easter/easter-ham-vs-lamb.html,no,merged,/Users/prashantdhingra/e/a3_output/lohri.org/output/content/international-festivals/easter/footer.fragment
international-festivals/halloween/witches-crows-black-cats-halloween-superstitions.html,international-festivals/halloween/witches-crows-black-cats-halloween-superstitions.html,no,merged,/Users/prashantdhingra/e/a3_output/lohri.org/output/content/international-festivals/halloween/footer.fragment
international-festivals/halloween/sustainable-eco-friendly-halloween.html,international-festivals/halloween/sustainable-eco-friendly-halloween.html,no,merged,/Users/prashantdhingra/e/a3_output/lohri.org/output/content/international-festivals/halloween/footer.fragment
international-festivals/halloween/science-of-scared-fear-horror.html,international-festivals/halloween/science-of-scared-fear-horror.html,no,merged,/Users/prashantdhingra/e/a3_output/lohri.org/output/content/international-festivals/halloween/footer.fragment
international-festivals/halloween/halloween-sfx-makeup-beginners.html,international-festivals/halloween/halloween-sfx-makeup-beginners.html,no,merged,/Users/prashantdhingra/e/a3_output/lohri.org/output/content/international-festivals/halloween/footer.fragment
international-festivals/halloween/family-friendly-halloween-watchlist.html,international-festivals/halloween/family-friendly-halloween-watchlist.html,no,merged,/Users/prashantdhingra/e/a3_output/lohri.org/output/content/international-festivals/halloween/footer.fragment
international-festivals/halloween/adult-halloween-murder-mystery-party.html,international-festivals/halloween/adult-halloween-murder-mystery-party.html,no,merged,/Users/prashantdhingra/e/a3_output/lohri.org/output/content/international-festivals/halloween/footer.fragment
international-festivals/halloween/real-life-haunted-landmarks-history-legends.html,international-festivals/halloween/real-life-haunted-landmarks-history-legends.html,no,merged,/Users/prashantdhingra/e/a3_output/lohri.org/output/content/international-festivals/halloween/footer.fragment
international-festivals/halloween/savory-spooky-halloween-snacks.html,international-festivals/halloween/savory-spooky-halloween-snacks.html,no,merged,/Users/prashantdhingra/e/a3_output/lohri.org/output/content/international-festivals/halloween/footer.fragment
international-festivals/halloween/samhain-connection-halloween-origins.html,international-festivals/halloween/samhain-connection-halloween-origins.html,no,merged,/Users/prashantdhingra/e/a3_output/lohri.org/output/content/international-festivals/halloween/footer.fragment
international-festivals/halloween/trick-or-treating-history-souling-guising.html,international-festivals/halloween/trick-or-treating-history-souling-guising.html,no,merged,/Users/prashantdhingra/e/a3_output/lohri.org/output/content/international-festivals/halloween/footer.fragment
international-festivals/halloween/overview.html,international-festivals/halloween/overview.html,no,merged,/Users/prashantdhingra/e/a3_output/lohri.org/output/content/international-festivals/halloween/footer.fragment
international-festivals/halloween/leftover-halloween-candy-dessert-hacks.html,international-festivals/halloween/leftover-halloween-candy-dessert-hacks.html,no,merged,/Users/prashantdhingra/e/a3_output/lohri.org/output/content/international-festivals/halloween/footer.fragment
international-festivals/halloween/halloween-cocktails-mocktails-safe-dry-ice.html,international-festivals/halloween/halloween-cocktails-mocktails-safe-dry-ice.html,no,merged,/Users/prashantdhingra/e/a3_output/lohri.org/output/content/international-festivals/halloween/footer.fragment
international-festivals/halloween/halloween-candy-wine-pairing-guide.html,international-festivals/halloween/halloween-candy-wine-pairing-guide.html,no,merged,/Users/prashantdhingra/e/a3_output/lohri.org/output/content/international-festivals/halloween/footer.fragment
international-festivals/halloween/spooky-holidays-around-the-world.html,international-festivals/halloween/spooky-holidays-around-the-world.html,no,merged,/Users/prashantdhingra/e/a3_output/lohri.org/output/content/international-festivals/halloween/footer.fragment
international-festivals/halloween/economics-of-halloween-retail.html,international-festivals/halloween/economics-of-halloween-retail.html,no,merged,/Users/prashantdhingra/e/a3_output/lohri.org/output/content/international-festivals/halloween/footer.fragment
international-festivals/halloween/haunted-porch-budget-decor-ideas.html,international-festivals/halloween/haunted-porch-budget-decor-ideas.html,no,merged,/Users/prashantdhingra/e/a3_output/lohri.org/output/content/international-festivals/halloween/footer.fragment
international-festivals/halloween/last-minute-halloween-costumes-closet.html,international-festivals/halloween/last-minute-halloween-costumes-closet.html,no,merged,/Users/prashantdhingra/e/a3_output/lohri.org/output/content/international-festivals/halloween/footer.fragment
international-festivals/halloween/evolution-of-slasher-cinema.html,international-festivals/halloween/evolution-of-slasher-cinema.html,no,merged,/Users/prashantdhingra/e/a3_output/lohri.org/output/content/international-festivals/halloween/footer.fragment
international-festivals/halloween/safe-stress-free-pet-halloween-costumes.html,international-festivals/halloween/safe-stress-free-pet-halloween-costumes.html,no,merged,/Users/prashantdhingra/e/a3_output/lohri.org/output/content/international-festivals/halloween/footer.fragment
international-festivals/halloween/stingy-jack-jack-o-lantern-legend.html,international-festivals/halloween/stingy-jack-jack-o-lantern-legend.html,no,merged,/Users/prashantdhingra/e/a3_output/lohri.org/output/content/international-festivals/halloween/footer.fragment
international-festivals/christmas/uk-pantomime-christmas-crackers.html,international-festivals/christmas/uk-pantomime-christmas-crackers.html,no,merged,/Users/prashantdhingra/e/a3_output/lohri.org/output/content/international-festivals/christmas/footer.fragment
international-festivals/christmas/rockefeller-center-christmas-tree.html,international-festivals/christmas/rockefeller-center-christmas-tree.html,no,merged,/Users/prashantdhingra/e/a3_output/lohri.org/output/content/international-festivals/christmas/footer.fragment
international-festivals/christmas/index.html,international-festivals/christmas/index.html,no,merged,/Users/prashantdhingra/e/a3_output/lohri.org/output/content/international-festivals/christmas/footer.fragment
international-festivals/christmas/suburban-christmas-light-displays.html,international-festivals/christmas/suburban-christmas-light-displays.html,no,merged,/Users/prashantdhingra/e/a3_output/lohri.org/output/content/international-festivals/christmas/footer.fragment
international-festivals/christmas/real-vs-artificial-christmas-trees.html,international-festivals/christmas/real-vs-artificial-christmas-trees.html,no,merged,/Users/prashantdhingra/e/a3_output/lohri.org/output/content/international-festivals/christmas/footer.fragment
international-festivals/christmas/german-christmas-markets-christkindlmarkt.html,international-festivals/christmas/german-christmas-markets-christkindlmarkt.html,no,merged,/Users/prashantdhingra/e/a3_output/lohri.org/output/content/international-festivals/christmas/footer.fragment
international-festivals/christmas/best-european-christmas-destinations.html,international-festivals/christmas/best-european-christmas-destinations.html,no,merged,/Users/prashantdhingra/e/a3_output/lohri.org/output/content/international-festivals/christmas/footer.fragment
international-festivals/christmas/nochebuena-us-hispanic-traditions.html,international-festivals/christmas/nochebuena-us-hispanic-traditions.html,no,merged,/Users/prashantdhingra/e/a3_output/lohri.org/output/content/international-festivals/christmas/footer.fragment
international-festivals/christmas/krampus-alpine-christmas-folklore.html,international-festivals/christmas/krampus-alpine-christmas-folklore.html,no,merged,/Users/prashantdhingra/e/a3_output/lohri.org/output/content/international-festivals/christmas/footer.fragment
international-festivals/christmas/american-christmas-drinks-eggnog-cider-tom-jerry.html,international-festivals/christmas/american-christmas-drinks-eggnog-cider-tom-jerry.html,no,merged,/Users/prashantdhingra/e/a3_output/lohri.org/output/content/international-festivals/christmas/footer.fragment
international-festivals/christmas/history-tinsel-christmas-ornaments.html,international-festivals/christmas/history-tinsel-christmas-ornaments.html,no,merged,/Users/prashantdhingra/e/a3_output/lohri.org/output/content/international-festivals/christmas/footer.fragment
international-festivals/christmas/victorian-roots-modern-christmas.html,international-festivals/christmas/victorian-roots-modern-christmas.html,no,merged,/Users/prashantdhingra/e/a3_output/lohri.org/output/content/international-festivals/christmas/footer.fragment
international-festivals/christmas/history-of-mall-santa.html,international-festivals/christmas/history-of-mall-santa.html,no,merged,/Users/prashantdhingra/e/a3_output/lohri.org/output/content/international-festivals/christmas/footer.fragment
international-festivals/christmas/wigilia-christmas-eve-feast.html,international-festivals/christmas/wigilia-christmas-eve-feast.html,no,merged,/Users/prashantdhingra/e/a3_output/lohri.org/output/content/international-festivals/christmas/footer.fragment
international-festivals/christmas/polar-express-holiday-train-rides.html,international-festivals/christmas/polar-express-holiday-train-rides.html,no,merged,/Users/prashantdhingra/e/a3_output/lohri.org/output/content/international-festivals/christmas/footer.fragment
international-festivals/christmas/christmas-eve-vs-christmas-morning-gifts.html,international-festivals/christmas/christmas-eve-vs-christmas-morning-gifts.html,no,merged,/Users/prashantdhingra/e/a3_output/lohri.org/output/content/international-festivals/christmas/footer.fragment
international-festivals/christmas/european-christmas-baking-panettone-stollen-buche.html,international-festivals/christmas/european-christmas-baking-panettone-stollen-buche.html,no,merged,/Users/prashantdhingra/e/a3_output/lohri.org/output/content/international-festivals/christmas/footer.fragment
international-festivals/christmas/father-christmas-vs-santa-claus.html,international-festivals/christmas/father-christmas-vs-santa-claus.html,no,merged,/Users/prashantdhingra/e/a3_output/lohri.org/output/content/international-festivals/christmas/footer.fragment
international-festivals/christmas/saint-lucia-day-sweden.html,international-festivals/christmas/saint-lucia-day-sweden.html,no,merged,/Users/prashantdhingra/e/a3_output/lohri.org/output/content/international-festivals/christmas/footer.fragment
international-festivals/christmas/low-waste-christmas-decorating.html,international-festivals/christmas/low-waste-christmas-decorating.html,no,merged,/Users/prashantdhingra/e/a3_output/lohri.org/output/content/international-festivals/christmas/footer.fragment
international-festivals/christmas/christmas-main-courses-us-europe.html,international-festivals/christmas/christmas-main-courses-us-europe.html,no,merged,/Users/prashantdhingra/e/a3_output/lohri.org/output/content/international-festivals/christmas/footer.fragment
international-festivals/thanksgiving/ultimate-thanksgiving-turkey-prep-guide.html,international-festivals/thanksgiving/ultimate-thanksgiving-turkey-prep-guide.html,no,merged,/Users/prashantdhingra/e/a3_output/lohri.org/output/content/international-festivals/thanksgiving/footer.fragment
international-festivals/thanksgiving/myths-vs-reality-1621-thanksgiving.html,international-festivals/thanksgiving/myths-vs-reality-1621-thanksgiving.html,no,merged,/Users/prashantdhingra/e/a3_output/lohri.org/output/content/international-festivals/thanksgiving/footer.fragment
international-festivals/thanksgiving/thanksgiving-gratitude-practices.html,international-festivals/thanksgiving/thanksgiving-gratitude-practices.html,no,merged,/Users/prashantdhingra/e/a3_output/lohri.org/output/content/international-festivals/thanksgiving/footer.fragment
international-festivals/thanksgiving/macys-thanksgiving-day-parade-history.html,international-festivals/thanksgiving/macys-thanksgiving-day-parade-history.html,no,merged,/Users/prashantdhingra/e/a3_output/lohri.org/output/content/international-festivals/thanksgiving/footer.fragment
international-festivals/thanksgiving/plant-based-thanksgiving-feast.html,international-festivals/thanksgiving/plant-based-thanksgiving-feast.html,no,merged,/Users/prashantdhingra/e/a3_output/lohri.org/output/content/international-festivals/thanksgiving/footer.fragment
international-festivals/thanksgiving/budget-friendly-thanksgiving-dinner.html,international-festivals/thanksgiving/budget-friendly-thanksgiving-dinner.html,no,merged,/Users/prashantdhingra/e/a3_output/lohri.org/output/content/international-festivals/thanksgiving/footer.fragment
international-festivals/thanksgiving/mindful-eating-thanksgiving.html,international-festivals/thanksgiving/mindful-eating-thanksgiving.html,no,merged,/Users/prashantdhingra/e/a3_output/lohri.org/output/content/international-festivals/thanksgiving/footer.fragment
international-festivals/thanksgiving/thanksgiving-giving-back-locally.html,international-festivals/thanksgiving/thanksgiving-giving-back-locally.html,no,merged,/Users/prashantdhingra/e/a3_output/lohri.org/output/content/international-festivals/thanksgiving/footer.fragment
international-festivals/thanksgiving/overview.html,international-festivals/thanksgiving/overview.html,no,merged,/Users/prashantdhingra/e/a3_output/lohri.org/output/content/international-festivals/thanksgiving/footer.fragment
international-festivals/thanksgiving/presidential-turkey-pardon-history.html,international-festivals/thanksgiving/presidential-turkey-pardon-history.html,no,merged,/Users/prashantdhingra/e/a3_output/lohri.org/output/content/international-festivals/thanksgiving/footer.fragment
international-festivals/thanksgiving/autumn-thanksgiving-tablescapes.html,international-festivals/thanksgiving/autumn-thanksgiving-tablescapes.html,no,merged,/Users/prashantdhingra/e/a3_output/lohri.org/output/content/international-festivals/thanksgiving/footer.fragment
international-festivals/thanksgiving/thanksgiving-classic-sides-upgrades.html,international-festivals/thanksgiving/thanksgiving-classic-sides-upgrades.html,no,merged,/Users/prashantdhingra/e/a3_output/lohri.org/output/content/international-festivals/thanksgiving/footer.fragment
international-festivals/thanksgiving/thanksgiving-football-history.html,international-festivals/thanksgiving/thanksgiving-football-history.html,no,merged,/Users/prashantdhingra/e/a3_output/lohri.org/output/content/international-festivals/thanksgiving/footer.fragment
international-festivals/thanksgiving/national-day-of-mourning-thanksgiving.html,international-festivals/thanksgiving/national-day-of-mourning-thanksgiving.html,no,merged,/Users/prashantdhingra/e/a3_output/lohri.org/output/content/international-festivals/thanksgiving/footer.fragment
international-festivals/thanksgiving/thanksgiving-abroad-expat-guide.html,international-festivals/thanksgiving/thanksgiving-abroad-expat-guide.html,no,merged,/Users/prashantdhingra/e/a3_output/lohri.org/output/content/international-festivals/thanksgiving/footer.fragment
international-festivals/thanksgiving/thanksgiving-wine-pairing-guide.html,international-festivals/thanksgiving/thanksgiving-wine-pairing-guide.html,no,merged,/Users/prashantdhingra/e/a3_output/lohri.org/output/content/international-festivals/thanksgiving/footer.fragment
international-festivals/thanksgiving/stress-free-thanksgiving-prep-timeline.html,international-festivals/thanksgiving/stress-free-thanksgiving-prep-timeline.html,no,merged,/Users/prashantdhingra/e/a3_output/lohri.org/output/content/international-festivals/thanksgiving/footer.fragment
international-festivals/thanksgiving/awkward-family-dynamics-thanksgiving.html,international-festivals/thanksgiving/awkward-family-dynamics-thanksgiving.html,no,merged,/Users/prashantdhingra/e/a3_output/lohri.org/output/content/international-festivals/thanksgiving/footer.fragment
international-festivals/thanksgiving/post-dinner-family-activities.html,international-festivals/thanksgiving/post-dinner-family-activities.html,no,merged,/Users/prashantdhingra/e/a3_output/lohri.org/output/content/international-festivals/thanksgiving/footer.fragment
international-festivals/thanksgiving/friendsgiving-hosting-playbook.html,international-festivals/thanksgiving/friendsgiving-hosting-playbook.html,no,merged,/Users/prashantdhingra/e/a3_output/lohri.org/output/content/international-festivals/thanksgiving/footer.fragment
international-festivals/thanksgiving/thanksgiving-leftover-recipes.html,international-festivals/thanksgiving/thanksgiving-leftover-recipes.html,no,merged,/Users/prashantdhingra/e/a3_output/lohri.org/output/content/international-festivals/thanksgiving/footer.fragment
